{
	"credit": "Made with Blockbench",
	"elements": [
		{
			"from": [7, 0, 8.2],
			"to": [8, 1, 8.8],
			"color": 2,
			"faces": {
				"north": {"uv": [0, 0, 1, 1], "texture": "#missing"},
				"east": {"uv": [0, 0, 0.6, 1], "texture": "#missing"},
				"south": {"uv": [0, 0, 1, 1], "texture": "#missing"},
				"west": {"uv": [0, 0, 0.6, 1], "texture": "#missing"},
				"up": {"uv": [0, 0, 1, 0.6], "texture": "#missing"},
				"down": {"uv": [0, 0, 1, 0.6], "texture": "#missing"}
			}
		},
		{
			"from": [5.6, 6, 7.6],
			"to": [9.6, 8, 9.4],
			"color": 2,
			"faces": {
				"north": {"uv": [0, 0, 4, 2], "texture": "#missing"},
				"east": {"uv": [0, 0, 1.8, 2], "texture": "#missing"},
				"south": {"uv": [0, 0, 4, 2], "texture": "#missing"},
				"west": {"uv": [0, 0, 1.8, 2], "texture": "#missing"},
				"up": {"uv": [0, 0, 4, 1.8], "texture": "#missing"},
				"down": {"uv": [0, 0, 4, 1.8], "texture": "#missing"}
			}
		},
		{
			"from": [5.7, 6.1, 7.5],
			"to": [9.5, 7.9, 9.5],
			"color": 2,
			"faces": {
				"north": {"uv": [0, 0, 3.8, 1.8], "texture": "#missing"},
				"east": {"uv": [0, 0, 2, 1.8], "texture": "#missing"},
				"south": {"uv": [0, 0, 3.8, 1.8], "texture": "#missing"},
				"west": {"uv": [0, 0, 2, 1.8], "texture": "#missing"},
				"up": {"uv": [0, 0, 3.8, 2], "texture": "#missing"},
				"down": {"uv": [0, 0, 3.8, 2], "texture": "#missing"}
			}
		},
		{
			"from": [5.5, 6.2, 7.7],
			"to": [9.7, 7.8, 9.3],
			"color": 2,
			"faces": {
				"north": {"uv": [0, 0, 4.2, 1.6], "texture": "#missing"},
				"east": {"uv": [0, 0, 1.6, 1.6], "texture": "#missing"},
				"south": {"uv": [0, 0, 4.2, 1.6], "texture": "#missing"},
				"west": {"uv": [0, 0, 1.6, 1.6], "texture": "#missing"},
				"up": {"uv": [0, 0, 4.2, 1.6], "texture": "#missing"},
				"down": {"uv": [0, 0, 4.2, 1.6], "texture": "#missing"}
			}
		},
		{
			"from": [5.3, 6.4, 7.9],
			"to": [9.9, 7.6, 9.1],
			"color": 2,
			"faces": {
				"north": {"uv": [0, 0, 4.6, 1.2], "texture": "#missing"},
				"east": {"uv": [0, 0, 1.2, 1.2], "texture": "#missing"},
				"south": {"uv": [0, 0, 4.6, 1.2], "texture": "#missing"},
				"west": {"uv": [0, 0, 1.2, 1.2], "texture": "#missing"},
				"up": {"uv": [0, 0, 4.6, 1.2], "texture": "#missing"},
				"down": {"uv": [0, 0, 4.6, 1.2], "texture": "#missing"}
			}
		},
		{
			"from": [7.1, 1, 8.3],
			"to": [7.9, 8.5, 8.7],
			"color": 2,
			"faces": {
				"north": {"uv": [0, 0, 0.8, 7.5], "texture": "#missing"},
				"east": {"uv": [0, 0, 0.4, 7.5], "texture": "#missing"},
				"south": {"uv": [0, 0, 0.8, 7.5], "texture": "#missing"},
				"west": {"uv": [0, 0, 0.4, 7.5], "texture": "#missing"},
				"up": {"uv": [0, 0, 0.8, 0.4], "texture": "#missing"},
				"down": {"uv": [0, 0, 0.8, 0.4], "texture": "#missing"}
			}
		}
	]
}