{
	"credit": "Made with Blockbench",
	"texture_size": [32, 32],
	"elements": [
		{
			"from": [7.575, 5.7, 7.175],
			"to": [8.575, 7.4, 8.575],
			"rotation": {"angle": 0, "axis": "y", "origin": [8.1, 6.625, 7.875]},
			"color": 5,
			"faces": {
				"north": {"uv": [0, 0, 0.5, 0.85], "texture": "#missing"},
				"east": {"uv": [0, 0, 0.7, 0.85], "texture": "#missing"},
				"south": {"uv": [0, 0, 0.5, 0.85], "texture": "#missing"},
				"west": {"uv": [0, 0, 0.7, 0.85], "texture": "#missing"},
				"up": {"uv": [0, 0, 0.7, 0.5], "rotation": 90, "texture": "#missing"},
				"down": {"uv": [0, 0, 0.7, 0.5], "rotation": 270, "texture": "#missing"}
			}
		},
		{
			"from": [7.975, 6.7, 10.475],
			"to": [8.175, 7.5, 10.975],
			"rotation": {"angle": 0, "axis": "y", "origin": [8.1, 6.625, 7.875]},
			"color": 5,
			"faces": {
				"north": {"uv": [0, 0, 0.1, 0.4], "texture": "#missing"},
				"east": {"uv": [0, 0, 0.25, 0.4], "texture": "#missing"},
				"south": {"uv": [0, 0, 0.1, 0.4], "texture": "#missing"},
				"west": {"uv": [0, 0, 0.25, 0.4], "texture": "#missing"},
				"up": {"uv": [0, 0, 0.25, 0.1], "rotation": 90, "texture": "#missing"},
				"down": {"uv": [0, 0, 0.25, 0.1], "rotation": 270, "texture": "#missing"}
			}
		},
		{
			"from": [7.975, 5.7, 10.175],
			"to": [8.175, 6.5, 10.675],
			"rotation": {"angle": 0, "axis": "y", "origin": [8.1, 6.625, 7.875]},
			"color": 5,
			"faces": {
				"north": {"uv": [0, 0, 0.1, 0.4], "texture": "#missing"},
				"east": {"uv": [0, 0, 0.25, 0.4], "texture": "#missing"},
				"south": {"uv": [0, 0, 0.1, 0.4], "texture": "#missing"},
				"west": {"uv": [0, 0, 0.25, 0.4], "texture": "#missing"},
				"up": {"uv": [0, 0, 0.25, 0.1], "rotation": 90, "texture": "#missing"},
				"down": {"uv": [0, 0, 0.25, 0.1], "rotation": 270, "texture": "#missing"}
			}
		},
		{
			"from": [7.975, 5.7, 4.675],
			"to": [8.175, 6.5, 5.175],
			"rotation": {"angle": 0, "axis": "y", "origin": [8.1, 6.625, 7.875]},
			"color": 5,
			"faces": {
				"north": {"uv": [0, 0, 0.1, 0.4], "texture": "#missing"},
				"east": {"uv": [0, 0, 0.25, 0.4], "texture": "#missing"},
				"south": {"uv": [0, 0, 0.1, 0.4], "texture": "#missing"},
				"west": {"uv": [0, 0, 0.25, 0.4], "texture": "#missing"},
				"up": {"uv": [0, 0, 0.25, 0.1], "rotation": 90, "texture": "#missing"},
				"down": {"uv": [0, 0, 0.25, 0.1], "rotation": 270, "texture": "#missing"}
			}
		},
		{
			"from": [7.975, 7.2, 5.075],
			"to": [8.175, 8, 5.575],
			"rotation": {"angle": 0, "axis": "y", "origin": [8.1, 6.625, 7.875]},
			"color": 5,
			"faces": {
				"north": {"uv": [0, 0, 0.1, 0.4], "texture": "#missing"},
				"east": {"uv": [0, 0, 0.25, 0.4], "texture": "#missing"},
				"south": {"uv": [0, 0, 0.1, 0.4], "texture": "#missing"},
				"west": {"uv": [0, 0, 0.25, 0.4], "texture": "#missing"},
				"up": {"uv": [0, 0, 0.25, 0.1], "rotation": 90, "texture": "#missing"},
				"down": {"uv": [0, 0, 0.25, 0.1], "rotation": 270, "texture": "#missing"}
			}
		},
		{
			"from": [7.575, 5.7, 6.975],
			"to": [8.575, 7.2, 8.775],
			"rotation": {"angle": 0, "axis": "y", "origin": [8.1, 6.625, 7.875]},
			"color": 5,
			"faces": {
				"north": {"uv": [0, 0, 0.5, 0.75], "texture": "#missing"},
				"east": {"uv": [0, 0, 0.9, 0.75], "texture": "#missing"},
				"south": {"uv": [0, 0, 0.5, 0.75], "texture": "#missing"},
				"west": {"uv": [0, 0, 0.9, 0.75], "texture": "#missing"},
				"up": {"uv": [0, 0, 0.9, 0.5], "rotation": 90, "texture": "#missing"},
				"down": {"uv": [0, 0, 0.9, 0.5], "rotation": 270, "texture": "#missing"}
			}
		},
		{
			"from": [7.775, 5.4, 5.475],
			"to": [8.375, 7, 10.175],
			"rotation": {"angle": 0, "axis": "y", "origin": [8.1, 6.625, 7.875]},
			"color": 5,
			"faces": {
				"north": {"uv": [0, 0, 0.3, 0.8], "texture": "#missing"},
				"east": {"uv": [0, 0, 2.35, 0.8], "texture": "#missing"},
				"south": {"uv": [0, 0, 0.3, 0.8], "texture": "#missing"},
				"west": {"uv": [0, 0, 2.35, 0.8], "texture": "#missing"},
				"up": {"uv": [0, 0, 2.35, 0.3], "rotation": 90, "texture": "#missing"},
				"down": {"uv": [0, 0, 2.35, 0.3], "rotation": 270, "texture": "#missing"}
			}
		},
		{
			"from": [8, 1.8, 7.6],
			"to": [8.5, 5.7, 8.1],
			"color": 2,
			"faces": {
				"north": {"uv": [0, 0, 0.25, 1.95], "texture": "#missing"},
				"east": {"uv": [0, 0, 0.25, 1.95], "texture": "#missing"},
				"south": {"uv": [0, 0, 0.25, 1.95], "texture": "#missing"},
				"west": {"uv": [0, 0, 0.25, 1.95], "texture": "#missing"},
				"up": {"uv": [0, 0, 0.25, 0.25], "texture": "#missing"},
				"down": {"uv": [0, 0, 0.25, 0.25], "texture": "#missing"}
			}
		},
		{
			"from": [8, 5, 7.3],
			"to": [8.5, 5.5, 7.8],
			"color": 2,
			"faces": {
				"north": {"uv": [0, 0, 0.25, 0.25], "texture": "#missing"},
				"east": {"uv": [0, 0, 0.25, 0.25], "texture": "#missing"},
				"south": {"uv": [0, 0, 0.25, 0.25], "texture": "#missing"},
				"west": {"uv": [0, 0, 0.25, 0.25], "texture": "#missing"},
				"up": {"uv": [0, 0, 0.25, 0.25], "texture": "#missing"},
				"down": {"uv": [0, 0, 0.25, 0.25], "texture": "#missing"}
			}
		},
		{
			"from": [8, 4.8, 7.1],
			"to": [8.5, 5.3, 7.6],
			"color": 2,
			"faces": {
				"north": {"uv": [0, 0, 0.25, 0.25], "texture": "#missing"},
				"east": {"uv": [0, 0, 0.25, 0.25], "texture": "#missing"},
				"south": {"uv": [0, 0, 0.25, 0.25], "texture": "#missing"},
				"west": {"uv": [0, 0, 0.25, 0.25], "texture": "#missing"},
				"up": {"uv": [0, 0, 0.25, 0.25], "texture": "#missing"},
				"down": {"uv": [0, 0, 0.25, 0.25], "texture": "#missing"}
			}
		},
		{
			"from": [8, 4.6, 6.9],
			"to": [8.5, 5.1, 7.4],
			"color": 2,
			"faces": {
				"north": {"uv": [0, 0, 0.25, 0.25], "texture": "#missing"},
				"east": {"uv": [0, 0, 0.25, 0.25], "texture": "#missing"},
				"south": {"uv": [0, 0, 0.25, 0.25], "texture": "#missing"},
				"west": {"uv": [0, 0, 0.25, 0.25], "texture": "#missing"},
				"up": {"uv": [0, 0, 0.25, 0.25], "texture": "#missing"},
				"down": {"uv": [0, 0, 0.25, 0.25], "texture": "#missing"}
			}
		},
		{
			"from": [8, 4.5, 6.8],
			"to": [8.5, 5, 7.3],
			"color": 2,
			"faces": {
				"north": {"uv": [0, 0, 0.25, 0.25], "texture": "#missing"},
				"east": {"uv": [0, 0, 0.25, 0.25], "texture": "#missing"},
				"south": {"uv": [0, 0, 0.25, 0.25], "texture": "#missing"},
				"west": {"uv": [0, 0, 0.25, 0.25], "texture": "#missing"},
				"up": {"uv": [0, 0, 0.25, 0.25], "texture": "#missing"},
				"down": {"uv": [0, 0, 0.25, 0.25], "texture": "#missing"}
			}
		},
		{
			"from": [8, 4.4, 6.7],
			"to": [8.5, 4.9, 7.2],
			"color": 2,
			"faces": {
				"north": {"uv": [0, 0, 0.25, 0.25], "texture": "#missing"},
				"east": {"uv": [0, 0, 0.25, 0.25], "texture": "#missing"},
				"south": {"uv": [0, 0, 0.25, 0.25], "texture": "#missing"},
				"west": {"uv": [0, 0, 0.25, 0.25], "texture": "#missing"},
				"up": {"uv": [0, 0, 0.25, 0.25], "texture": "#missing"},
				"down": {"uv": [0, 0, 0.25, 0.25], "texture": "#missing"}
			}
		},
		{
			"from": [8, 4.2, 6.5],
			"to": [8.5, 4.7, 7],
			"color": 2,
			"faces": {
				"north": {"uv": [0, 0, 0.25, 0.25], "texture": "#missing"},
				"east": {"uv": [0, 0, 0.25, 0.25], "texture": "#missing"},
				"south": {"uv": [0, 0, 0.25, 0.25], "texture": "#missing"},
				"west": {"uv": [0, 0, 0.25, 0.25], "texture": "#missing"},
				"up": {"uv": [0, 0, 0.25, 0.25], "texture": "#missing"},
				"down": {"uv": [0, 0, 0.25, 0.25], "texture": "#missing"}
			}
		},
		{
			"from": [8, 3.9, 6.4],
			"to": [8.5, 4.4, 6.9],
			"color": 2,
			"faces": {
				"north": {"uv": [0, 0, 0.25, 0.25], "texture": "#missing"},
				"east": {"uv": [0, 0, 0.25, 0.25], "texture": "#missing"},
				"south": {"uv": [0, 0, 0.25, 0.25], "texture": "#missing"},
				"west": {"uv": [0, 0, 0.25, 0.25], "texture": "#missing"},
				"up": {"uv": [0, 0, 0.25, 0.25], "texture": "#missing"},
				"down": {"uv": [0, 0, 0.25, 0.25], "texture": "#missing"}
			}
		},
		{
			"from": [8, 2.3, 6.4],
			"to": [8.5, 2.8, 6.9],
			"color": 2,
			"faces": {
				"north": {"uv": [0, 0, 0.25, 0.25], "texture": "#missing"},
				"east": {"uv": [0, 0, 0.25, 0.25], "texture": "#missing"},
				"south": {"uv": [0, 0, 0.25, 0.25], "texture": "#missing"},
				"west": {"uv": [0, 0, 0.25, 0.25], "texture": "#missing"},
				"up": {"uv": [0, 0, 0.25, 0.25], "texture": "#missing"},
				"down": {"uv": [0, 0, 0.25, 0.25], "texture": "#missing"}
			}
		},
		{
			"from": [8, 2.1, 6.7],
			"to": [8.5, 2.6, 7.2],
			"color": 2,
			"faces": {
				"north": {"uv": [0, 0, 0.25, 0.25], "texture": "#missing"},
				"east": {"uv": [0, 0, 0.25, 0.25], "texture": "#missing"},
				"south": {"uv": [0, 0, 0.25, 0.25], "texture": "#missing"},
				"west": {"uv": [0, 0, 0.25, 0.25], "texture": "#missing"},
				"up": {"uv": [0, 0, 0.25, 0.25], "texture": "#missing"},
				"down": {"uv": [0, 0, 0.25, 0.25], "texture": "#missing"}
			}
		},
		{
			"from": [8, 1.9, 7],
			"to": [8.5, 2.4, 7.5],
			"color": 2,
			"faces": {
				"north": {"uv": [0, 0, 0.25, 0.25], "texture": "#missing"},
				"east": {"uv": [0, 0, 0.25, 0.25], "texture": "#missing"},
				"south": {"uv": [0, 0, 0.25, 0.25], "texture": "#missing"},
				"west": {"uv": [0, 0, 0.25, 0.25], "texture": "#missing"},
				"up": {"uv": [0, 0, 0.25, 0.25], "texture": "#missing"},
				"down": {"uv": [0, 0, 0.25, 0.25], "texture": "#missing"}
			}
		},
		{
			"from": [8, 1.8, 7.2],
			"to": [8.5, 2.3, 7.7],
			"color": 2,
			"faces": {
				"north": {"uv": [0, 0, 0.25, 0.25], "texture": "#missing"},
				"east": {"uv": [0, 0, 0.25, 0.25], "texture": "#missing"},
				"south": {"uv": [0, 0, 0.25, 0.25], "texture": "#missing"},
				"west": {"uv": [0, 0, 0.25, 0.25], "texture": "#missing"},
				"up": {"uv": [0, 0, 0.25, 0.25], "texture": "#missing"},
				"down": {"uv": [0, 0, 0.25, 0.25], "texture": "#missing"}
			}
		},
		{
			"from": [8, 2.5, 6.3],
			"to": [8.5, 4, 6.8],
			"color": 2,
			"faces": {
				"north": {"uv": [0, 0, 0.25, 0.75], "texture": "#missing"},
				"east": {"uv": [0, 0, 0.25, 0.75], "texture": "#missing"},
				"south": {"uv": [0, 0, 0.25, 0.75], "texture": "#missing"},
				"west": {"uv": [0, 0, 0.25, 0.75], "texture": "#missing"},
				"up": {"uv": [0, 0, 0.25, 0.25], "texture": "#missing"},
				"down": {"uv": [0, 0, 0.25, 0.25], "texture": "#missing"}
			}
		},
		{
			"from": [7.8, 7.4, 7.6],
			"to": [8.5, 16.1, 8.3],
			"rotation": {"angle": 45, "axis": "y", "origin": [8.1, 7.9, 8.1]},
			"color": 6,
			"faces": {
				"north": {"uv": [0, 0, 0.35, 4.35], "texture": "#missing"},
				"east": {"uv": [0, 0, 0.35, 4.35], "texture": "#missing"},
				"south": {"uv": [0, 0, 0.35, 4.35], "texture": "#missing"},
				"west": {"uv": [0, 0, 0.35, 4.35], "texture": "#missing"},
				"up": {"uv": [0, 0, 0.35, 0.35], "texture": "#missing"},
				"down": {"uv": [0, 0, 0.35, 0.35], "texture": "#missing"}
			}
		}
	],
	"display": {
		"thirdperson_righthand": {
			"translation": [0, 6, 0.75],
			"scale": [1, 1.74, 0.91]
		}
	}
}