{
	"credit": "Made with Blockbench",
	"texture_size": [32, 32],
	"elements": [
		{
			"from": [7.7, 7, 6.2],
			"to": [8.4, 8, 9.8],
			"color": 0,
			"faces": {
				"north": {"uv": [0, 0, 0.35, 0.5], "texture": "#missing"},
				"east": {"uv": [0, 0, 1.8, 0.5], "texture": "#missing"},
				"south": {"uv": [0, 0, 0.35, 0.5], "texture": "#missing"},
				"west": {"uv": [0, 0, 1.8, 0.5], "texture": "#missing"},
				"up": {"uv": [0, 0, 0.35, 1.8], "texture": "#missing"},
				"down": {"uv": [0, 0, 0.35, 1.8], "texture": "#missing"}
			}
		},
		{
			"from": [7.6, 7, 6.3],
			"to": [8.5, 8, 9.7],
			"color": 0,
			"faces": {
				"north": {"uv": [0, 0, 0.45, 0.5], "texture": "#missing"},
				"east": {"uv": [0, 0, 1.7, 0.5], "texture": "#missing"},
				"south": {"uv": [0, 0, 0.45, 0.5], "texture": "#missing"},
				"west": {"uv": [0, 0, 1.7, 0.5], "texture": "#missing"},
				"up": {"uv": [0, 0, 0.45, 1.7], "texture": "#missing"},
				"down": {"uv": [0, 0, 0.45, 1.7], "texture": "#missing"}
			}
		},
		{
			"from": [7.5, 7, 6.4],
			"to": [8.6, 8, 9.6],
			"color": 0,
			"faces": {
				"north": {"uv": [0, 0, 0.55, 0.5], "texture": "#missing"},
				"east": {"uv": [0, 0, 1.6, 0.5], "texture": "#missing"},
				"south": {"uv": [0, 0, 0.55, 0.5], "texture": "#missing"},
				"west": {"uv": [0, 0, 1.6, 0.5], "texture": "#missing"},
				"up": {"uv": [0, 0, 0.55, 1.6], "texture": "#missing"},
				"down": {"uv": [0, 0, 0.55, 1.6], "texture": "#missing"}
			}
		},
		{
			"from": [7.5, 1, 7.4],
			"to": [8.6, 7, 8.5],
			"color": 7,
			"faces": {
				"north": {"uv": [0, 0, 0.55, 3], "texture": "#missing"},
				"east": {"uv": [0, 0, 0.55, 3], "texture": "#missing"},
				"south": {"uv": [0, 0, 0.55, 3], "texture": "#missing"},
				"west": {"uv": [0, 0, 0.55, 3], "texture": "#missing"},
				"up": {"uv": [0, 0, 0.55, 0.55], "texture": "#missing"},
				"down": {"uv": [0, 0, 0.55, 0.55], "texture": "#missing"}
			}
		},
		{
			"from": [7.3, 0, 7.2],
			"to": [8.8, 1.5, 8.7],
			"rotation": {"angle": 0, "axis": "y", "origin": [8.05, 1, 7.95]},
			"color": 5,
			"faces": {
				"north": {"uv": [0, 0, 0.75, 0.75], "texture": "#missing"},
				"east": {"uv": [0, 0, 0.75, 0.75], "texture": "#missing"},
				"south": {"uv": [0, 0, 0.75, 0.75], "texture": "#missing"},
				"west": {"uv": [0, 0, 0.75, 0.75], "texture": "#missing"},
				"up": {"uv": [0, 0, 0.75, 0.75], "texture": "#missing"},
				"down": {"uv": [0, 0, 0.75, 0.75], "texture": "#missing"}
			}
		},
		{
			"from": [7.5, 8, 7.7],
			"to": [8.6, 21.5, 8.3],
			"color": 6,
			"faces": {
				"north": {"uv": [0, 0, 0.55, 6.75], "texture": "#missing"},
				"east": {"uv": [0, 0, 0.3, 6.75], "texture": "#missing"},
				"south": {"uv": [0, 0, 0.55, 6.75], "texture": "#missing"},
				"west": {"uv": [0, 0, 0.3, 6.75], "texture": "#missing"},
				"up": {"uv": [0, 0, 0.55, 0.3], "texture": "#missing"},
				"down": {"uv": [0, 0, 0.55, 0.3], "texture": "#missing"}
			}
		},
		{
			"from": [7.6, 8, 6.9],
			"to": [8.5, 19.1, 9.1],
			"color": 6,
			"faces": {
				"north": {"uv": [0, 0, 0.45, 5.55], "texture": "#missing"},
				"east": {"uv": [0, 0, 1.1, 5.55], "texture": "#missing"},
				"south": {"uv": [0, 0, 0.45, 5.55], "texture": "#missing"},
				"west": {"uv": [0, 0, 1.1, 5.55], "texture": "#missing"},
				"up": {"uv": [0, 0, 0.45, 1.1], "texture": "#missing"},
				"down": {"uv": [0, 0, 0.45, 1.1], "texture": "#missing"}
			}
		},
		{
			"from": [7.5, 8, 7.2],
			"to": [8.6, 19.9, 8.8],
			"color": 6,
			"faces": {
				"north": {"uv": [0, 0, 0.55, 5.95], "texture": "#missing"},
				"east": {"uv": [0, 0, 0.8, 5.95], "texture": "#missing"},
				"south": {"uv": [0, 0, 0.55, 5.95], "texture": "#missing"},
				"west": {"uv": [0, 0, 0.8, 5.95], "texture": "#missing"},
				"up": {"uv": [0, 0, 0.55, 0.8], "texture": "#missing"},
				"down": {"uv": [0, 0, 0.55, 0.8], "texture": "#missing"}
			}
		},
		{
			"from": [7.5, 8, 7.4],
			"to": [8.6, 20.6, 8.6],
			"color": 6,
			"faces": {
				"north": {"uv": [0, 0, 0.55, 6.3], "texture": "#missing"},
				"east": {"uv": [0, 0, 0.6, 6.3], "texture": "#missing"},
				"south": {"uv": [0, 0, 0.55, 6.3], "texture": "#missing"},
				"west": {"uv": [0, 0, 0.6, 6.3], "texture": "#missing"},
				"up": {"uv": [0, 0, 0.55, 0.6], "texture": "#missing"},
				"down": {"uv": [0, 0, 0.55, 0.6], "texture": "#missing"}
			}
		},
		{
			"from": [7.7, 8, 6.7],
			"to": [8.4, 18.1, 9.3],
			"color": 6,
			"faces": {
				"north": {"uv": [0, 0, 0.35, 5.05], "texture": "#missing"},
				"east": {"uv": [0, 0, 1.3, 5.05], "texture": "#missing"},
				"south": {"uv": [0, 0, 0.35, 5.05], "texture": "#missing"},
				"west": {"uv": [0, 0, 1.3, 5.05], "texture": "#missing"},
				"up": {"uv": [0, 0, 0.35, 1.3], "texture": "#missing"},
				"down": {"uv": [0, 0, 0.35, 1.3], "texture": "#missing"}
			}
		},
		{
			"from": [7.8, 8, 6.5],
			"to": [8.3, 16.1, 9.5],
			"color": 6,
			"faces": {
				"north": {"uv": [0, 0, 0.25, 4.05], "texture": "#missing"},
				"east": {"uv": [0, 0, 1.5, 4.05], "texture": "#missing"},
				"south": {"uv": [0, 0, 0.25, 4.05], "texture": "#missing"},
				"west": {"uv": [0, 0, 1.5, 4.05], "texture": "#missing"},
				"up": {"uv": [0, 0, 0.25, 1.5], "texture": "#missing"},
				"down": {"uv": [0, 0, 0.25, 1.5], "texture": "#missing"}
			}
		}
	],
	"display": {
		"thirdperson_righthand": {
			"rotation": [-1, 4, -2],
			"translation": [0.75, 3.25, 0.25],
			"scale": [0.76, 1.5, 0.77]
		},
		"thirdperson_lefthand": {
			"rotation": [0, -2, -1],
			"translation": [-0.75, 3, 0.25],
			"scale": [0.77, 1.5, 0.75]
		},
		"firstperson_righthand": {
			"rotation": [-1, 0, 0],
			"translation": [0, 1.5, 0],
			"scale": [0.76, 1.16, 0.75]
		},
		"firstperson_lefthand": {
			"rotation": [-1, 0, 0],
			"translation": [0, 1.5, 0],
			"scale": [0.76, 1.22, 0.75]
		},
		"ground": {
			"rotation": [-45, 0, 0],
			"translation": [-0.5, 4.25, 0],
			"scale": [0.76, 1.5, 0.75]
		},
		"gui": {
			"rotation": [-91, -48.25, -90],
			"translation": [-1.5, -1.5, 0],
			"scale": [0.75, 0.9082, 0.76]
		},
		"head": {
			"translation": [0, 13.75, 0]
		},
		"fixed": {
			"rotation": [-90, -48.25, -86],
			"translation": [0, -1.5, -0.5],
			"scale": [0.75, 1.01367, 0.76]
		}
	},
	"groups": [
		{
			"name": "손잡이 2",
			"origin": [0, 0, 0],
			"color": 0,
			"children": [0, 1, 2]
		},
		{
			"name": "손잡이",
			"origin": [8.05, 1, 7.95],
			"color": 0,
			"children": [3]
		},
		{
			"name": "손잡이 1",
			"origin": [8, 8, 8],
			"color": 0,
			"children": [4]
		},
		{
			"name": "칼날",
			"origin": [8, 8, 8],
			"color": 0,
			"children": [5, 6, 7, 8, 9, 10]
		}
	]
}