{
	"credit": "Made with Blockbench",
	"texture_size": [32, 32],
	"elements": [
		{
			"from": [8.23115, 6.21885, 2.6],
			"to": [9.53115, 7.41885, 15.4],
			"rotation": {"angle": 0, "axis": "z", "origin": [8.85615, 6.575, 2.6]},
			"color": 4,
			"faces": {
				"north": {"uv": [0, 0, 0.6, 0.65], "rotation": 90, "texture": "#missing"},
				"east": {"uv": [0, 0, 0.6, 6.4], "rotation": 270, "texture": "#missing"},
				"south": {"uv": [0, 0, 0.6, 0.65], "rotation": 270, "texture": "#missing"},
				"west": {"uv": [0, 0, 0.6, 6.4], "rotation": 270, "texture": "#missing"},
				"up": {"uv": [0, 0, 6.4, 0.65], "rotation": 270, "texture": "#missing"},
				"down": {"uv": [0, 0, 6.4, 0.65], "rotation": 270, "texture": "#missing"}
			}
		},
		{
			"from": [8.13115, 6.31885, -12.7],
			"to": [9.53115, 7.31885, 5.1],
			"rotation": {"angle": 0, "axis": "z", "origin": [8.85615, 6.575, 2.6]},
			"color": 0,
			"faces": {
				"north": {"uv": [0, 0, 0.5, 0.7], "rotation": 90, "texture": "#missing"},
				"east": {"uv": [0, 0, 0.5, 8.9], "rotation": 270, "texture": "#missing"},
				"south": {"uv": [0, 0, 0.5, 0.7], "rotation": 270, "texture": "#missing"},
				"west": {"uv": [0, 0, 0.5, 8.9], "rotation": 270, "texture": "#missing"},
				"up": {"uv": [0, 0, 8.9, 0.7], "rotation": 270, "texture": "#missing"},
				"down": {"uv": [0, 0, 8.9, 0.7], "rotation": 270, "texture": "#missing"}
			}
		},
		{
			"from": [8.5196, 5.89359, -12.7],
			"to": [9.5196, 6.89359, 5.1],
			"rotation": {"angle": -45, "axis": "z", "origin": [8.85615, 6.575, 2.6]},
			"color": 6,
			"faces": {
				"north": {"uv": [0, 0, 0.5, 0.5], "rotation": 180, "texture": "#missing"},
				"east": {"uv": [0, 0, 8.9, 0.5], "rotation": 180, "texture": "#missing"},
				"south": {"uv": [0, 0, 0.5, 0.5], "rotation": 180, "texture": "#missing"},
				"west": {"uv": [0, 0, 8.9, 0.5], "rotation": 180, "texture": "#missing"},
				"up": {"uv": [0, 0, 0.5, 8.9], "rotation": 180, "texture": "#missing"},
				"down": {"uv": [0, 0, 0.5, 8.9], "rotation": 180, "texture": "#missing"}
			}
		}
	],
	"display": {
		"thirdperson_righthand": {
			"rotation": [90.25, 0, 0],
			"translation": [0, 0, 2.25]
		}
	}
}