{
	"credit": "Made with Blockbench",
	"texture_size": [32, 32],
	"elements": [
		{
			"from": [-5, 0, 8],
			"to": [2, 1, 9],
			"color": 5,
			"faces": {
				"north": {"uv": [0, 0, 3.5, 0.5], "texture": "#missing"},
				"east": {"uv": [0, 0, 0.5, 0.5], "texture": "#missing"},
				"south": {"uv": [0, 0, 3.5, 0.5], "texture": "#missing"},
				"west": {"uv": [0, 0, 0.5, 0.5], "texture": "#missing"},
				"up": {"uv": [0, 0, 3.5, 0.5], "texture": "#missing"},
				"down": {"uv": [0, 0, 3.5, 0.5], "texture": "#missing"}
			}
		},
		{
			"from": [2, 0, 8.2],
			"to": [14, 1, 8.8],
			"color": 2,
			"faces": {
				"north": {"uv": [0, 0, 6, 0.5], "texture": "#missing"},
				"east": {"uv": [0, 0, 0.3, 0.5], "texture": "#missing"},
				"south": {"uv": [0, 0, 6, 0.5], "texture": "#missing"},
				"west": {"uv": [0, 0, 0.3, 0.5], "texture": "#missing"},
				"up": {"uv": [0, 0, 6, 0.3], "texture": "#missing"},
				"down": {"uv": [0, 0, 6, 0.3], "texture": "#missing"}
			}
		},
		{
			"from": [2, 0, 9.2],
			"to": [14, 1, 9.8],
			"color": 2,
			"faces": {
				"north": {"uv": [0, 0, 6, 0.5], "texture": "#missing"},
				"east": {"uv": [0, 0, 0.3, 0.5], "texture": "#missing"},
				"south": {"uv": [0, 0, 6, 0.5], "texture": "#missing"},
				"west": {"uv": [0, 0, 0.3, 0.5], "texture": "#missing"},
				"up": {"uv": [0, 0, 6, 0.3], "texture": "#missing"},
				"down": {"uv": [0, 0, 6, 0.3], "texture": "#missing"}
			}
		},
		{
			"from": [2, 0, 7.2],
			"to": [14, 1, 7.8],
			"color": 2,
			"faces": {
				"north": {"uv": [0, 0, 6, 0.5], "texture": "#missing"},
				"east": {"uv": [0, 0, 0.3, 0.5], "texture": "#missing"},
				"south": {"uv": [0, 0, 6, 0.5], "texture": "#missing"},
				"west": {"uv": [0, 0, 0.3, 0.5], "texture": "#missing"},
				"up": {"uv": [0, 0, 6, 0.3], "texture": "#missing"},
				"down": {"uv": [0, 0, 6, 0.3], "texture": "#missing"}
			}
		},
		{
			"from": [1, 0, 7],
			"to": [2, 1, 8],
			"color": 4,
			"faces": {
				"north": {"uv": [0, 0, 0.5, 0.5], "texture": "#missing"},
				"east": {"uv": [0, 0, 0.5, 0.5], "texture": "#missing"},
				"south": {"uv": [0, 0, 0.5, 0.5], "texture": "#missing"},
				"west": {"uv": [0, 0, 0.5, 0.5], "texture": "#missing"},
				"up": {"uv": [0, 0, 0.5, 0.5], "texture": "#missing"},
				"down": {"uv": [0, 0, 0.5, 0.5], "texture": "#missing"}
			}
		},
		{
			"from": [1, 0, 9],
			"to": [2, 1, 10],
			"color": 4,
			"faces": {
				"north": {"uv": [0, 0, 0.5, 0.5], "texture": "#missing"},
				"east": {"uv": [0, 0, 0.5, 0.5], "texture": "#missing"},
				"south": {"uv": [0, 0, 0.5, 0.5], "texture": "#missing"},
				"west": {"uv": [0, 0, 0.5, 0.5], "texture": "#missing"},
				"up": {"uv": [0, 0, 0.5, 0.5], "texture": "#missing"},
				"down": {"uv": [0, 0, 0.5, 0.5], "texture": "#missing"}
			}
		},
		{
			"from": [11, 0, 7],
			"to": [12, 1, 10],
			"color": 1,
			"faces": {
				"north": {"uv": [0, 0, 0.5, 0.5], "texture": "#missing"},
				"east": {"uv": [0, 0, 1.5, 0.5], "texture": "#missing"},
				"south": {"uv": [0, 0, 0.5, 0.5], "texture": "#missing"},
				"west": {"uv": [0, 0, 1.5, 0.5], "texture": "#missing"},
				"up": {"uv": [0, 0, 0.5, 1.5], "texture": "#missing"},
				"down": {"uv": [0, 0, 0.5, 1.5], "texture": "#missing"}
			}
		},
		{
			"from": [11, 0, 8],
			"to": [16, 1, 9],
			"color": 7,
			"faces": {
				"north": {"uv": [0, 0, 2.5, 0.5], "texture": "#missing"},
				"east": {"uv": [0, 0, 0.5, 0.5], "texture": "#missing"},
				"south": {"uv": [0, 0, 2.5, 0.5], "texture": "#missing"},
				"west": {"uv": [0, 0, 0.5, 0.5], "texture": "#missing"},
				"up": {"uv": [0, 0, 2.5, 0.5], "texture": "#missing"},
				"down": {"uv": [0, 0, 2.5, 0.5], "texture": "#missing"}
			}
		},
		{
			"from": [12, 0.3, 7],
			"to": [13, 0.9, 8],
			"color": 4,
			"faces": {
				"north": {"uv": [0, 0, 0.5, 0.3], "texture": "#missing"},
				"east": {"uv": [0, 0, 0.5, 0.3], "texture": "#missing"},
				"south": {"uv": [0, 0, 0.5, 0.3], "texture": "#missing"},
				"west": {"uv": [0, 0, 0.5, 0.3], "texture": "#missing"},
				"up": {"uv": [0, 0, 0.5, 0.5], "texture": "#missing"},
				"down": {"uv": [0, 0, 0.5, 0.5], "texture": "#missing"}
			}
		},
		{
			"from": [12, 0.3, 9],
			"to": [13, 0.9, 10],
			"color": 4,
			"faces": {
				"north": {"uv": [0, 0, 0.5, 0.3], "texture": "#missing"},
				"east": {"uv": [0, 0, 0.5, 0.3], "texture": "#missing"},
				"south": {"uv": [0, 0, 0.5, 0.3], "texture": "#missing"},
				"west": {"uv": [0, 0, 0.5, 0.3], "texture": "#missing"},
				"up": {"uv": [0, 0, 0.5, 0.5], "texture": "#missing"},
				"down": {"uv": [0, 0, 0.5, 0.5], "texture": "#missing"}
			}
		}
	],
	"display": {
		"thirdperson_righthand": {
			"rotation": [0, 0, 90],
			"translation": [-7.5, 8, 0]
		},
		"thirdperson_lefthand": {
			"rotation": [0, 0, -90],
			"translation": [7.5, 8, 0]
		},
		"firstperson_righthand": {
			"rotation": [0, 90, 0],
			"translation": [0, 7.75, 0]
		},
		"firstperson_lefthand": {
			"rotation": [0, -90, -47],
			"translation": [2.5, 7.75, 0]
		},
		"ground": {
			"translation": [0, 5.25, 0]
		},
		"gui": {
			"rotation": [35.44, 33.77, 30.46],
			"translation": [-1.5, 6.75, 0]
		},
		"head": {
			"translation": [0, 14, 0]
		},
		"fixed": {
			"rotation": [84.15, 49.54, 6.78],
			"translation": [-0.25, 2, 6.75]
		}
	}
}