{
	"credit": "Made with Blockbench",
	"texture_size": [32, 32],
	"elements": [
		{
			"from": [6, 0, -16],
			"to": [7, 1, 10],
			"color": 0,
			"faces": {
				"north": {"uv": [0, 0, 0.5, 0.5], "texture": "#missing"},
				"east": {"uv": [0, 0, 13, 0.5], "texture": "#missing"},
				"south": {"uv": [0, 0, 0.5, 0.5], "texture": "#missing"},
				"west": {"uv": [0, 0, 13, 0.5], "texture": "#missing"},
				"up": {"uv": [0, 0, 0.5, 13], "texture": "#missing"},
				"down": {"uv": [0, 0, 0.5, 13], "texture": "#missing"}
			}
		},
		{
			"from": [5, 0, -15],
			"to": [6, 1, 10],
			"color": 0,
			"faces": {
				"north": {"uv": [0, 0, 0.5, 0.5], "texture": "#missing"},
				"east": {"uv": [0, 0, 12.5, 0.5], "texture": "#missing"},
				"south": {"uv": [0, 0, 0.5, 0.5], "texture": "#missing"},
				"west": {"uv": [0, 0, 12.5, 0.5], "texture": "#missing"},
				"up": {"uv": [0, 0, 0.5, 12.5], "texture": "#missing"},
				"down": {"uv": [0, 0, 0.5, 12.5], "texture": "#missing"}
			}
		},
		{
			"from": [4, 0, -14],
			"to": [5, 1, 10],
			"color": 0,
			"faces": {
				"north": {"uv": [0, 0, 0.5, 0.5], "texture": "#missing"},
				"east": {"uv": [0, 0, 12, 0.5], "texture": "#missing"},
				"south": {"uv": [0, 0, 0.5, 0.5], "texture": "#missing"},
				"west": {"uv": [0, 0, 12, 0.5], "texture": "#missing"},
				"up": {"uv": [0, 0, 0.5, 12], "texture": "#missing"},
				"down": {"uv": [0, 0, 0.5, 12], "texture": "#missing"}
			}
		},
		{
			"from": [3, 0, -10],
			"to": [4, 1, 10],
			"color": 1,
			"faces": {
				"north": {"uv": [0, 0, 0.5, 0.5], "texture": "#missing"},
				"east": {"uv": [0, 0, 10, 0.5], "texture": "#missing"},
				"south": {"uv": [0, 0, 0.5, 0.5], "texture": "#missing"},
				"west": {"uv": [0, 0, 10, 0.5], "texture": "#missing"},
				"up": {"uv": [0, 0, 0.5, 10], "texture": "#missing"},
				"down": {"uv": [0, 0, 0.5, 10], "texture": "#missing"}
			}
		},
		{
			"from": [2, 0, -1],
			"to": [3, 1, 10],
			"color": 3,
			"faces": {
				"north": {"uv": [0, 0, 0.5, 0.5], "texture": "#missing"},
				"east": {"uv": [0, 0, 5.5, 0.5], "texture": "#missing"},
				"south": {"uv": [0, 0, 0.5, 0.5], "texture": "#missing"},
				"west": {"uv": [0, 0, 5.5, 0.5], "texture": "#missing"},
				"up": {"uv": [0, 0, 0.5, 5.5], "texture": "#missing"},
				"down": {"uv": [0, 0, 0.5, 5.5], "texture": "#missing"}
			}
		},
		{
			"from": [2, 0, 10],
			"to": [7, 1, 18],
			"color": 5,
			"faces": {
				"north": {"uv": [0, 0, 2.5, 0.5], "texture": "#missing"},
				"east": {"uv": [0, 0, 4, 0.5], "texture": "#missing"},
				"south": {"uv": [0, 0, 2.5, 0.5], "texture": "#missing"},
				"west": {"uv": [0, 0, 4, 0.5], "texture": "#missing"},
				"up": {"uv": [0, 0, 2.5, 4], "texture": "#missing"},
				"down": {"uv": [0, 0, 2.5, 4], "texture": "#missing"}
			}
		},
		{
			"from": [4, 0, 18],
			"to": [7, 1, 27],
			"color": 0,
			"faces": {
				"north": {"uv": [0, 0, 1.5, 0.5], "texture": "#missing"},
				"east": {"uv": [0, 0, 4.5, 0.5], "texture": "#missing"},
				"south": {"uv": [0, 0, 1.5, 0.5], "texture": "#missing"},
				"west": {"uv": [0, 0, 4.5, 0.5], "texture": "#missing"},
				"up": {"uv": [0, 0, 1.5, 4.5], "texture": "#missing"},
				"down": {"uv": [0, 0, 1.5, 4.5], "texture": "#missing"}
			}
		},
		{
			"from": [0, 0, 15],
			"to": [9, 1, 17],
			"color": 2,
			"faces": {
				"north": {"uv": [0, 0, 4.5, 0.5], "texture": "#missing"},
				"east": {"uv": [0, 0, 1, 0.5], "texture": "#missing"},
				"south": {"uv": [0, 0, 4.5, 0.5], "texture": "#missing"},
				"west": {"uv": [0, 0, 1, 0.5], "texture": "#missing"},
				"up": {"uv": [0, 0, 4.5, 1], "texture": "#missing"},
				"down": {"uv": [0, 0, 4.5, 1], "texture": "#missing"}
			}
		}
	],
	"display": {
		"thirdperson_righthand": {
			"rotation": [90, 0, 90],
			"translation": [-7.5, 12, 4],
			"scale": [0.72, 1, 1]
		},
		"thirdperson_lefthand": {
			"rotation": [90, 0, -90],
			"translation": [7.5, 12, 4],
			"scale": [0.72, 1, 1]
		},
		"firstperson_righthand": {
			"rotation": [65, 0, 90],
			"translation": [-2.5, 3.75, 0]
		},
		"firstperson_lefthand": {
			"rotation": [65, 0, -90],
			"translation": [12.25, 3.75, 0]
		},
		"ground": {
			"translation": [0, 7.25, 0]
		},
		"gui": {
			"rotation": [109.78, -45.79, -150],
			"translation": [1, -0.5, 6.5],
			"scale": [0.5, 0.95, 0.5]
		},
		"head": {
			"translation": [0, 14.5, 0]
		},
		"fixed": {
			"rotation": [90, 53, 0],
			"translation": [1, 1.5, 6.5],
			"scale": [0.5, 0.95, 0.5]
		}
	}
}