{
	"credit": "Made with Blockbench",
	"texture_size": [32, 32],
	"elements": [
		{
			"from": [6.8, 9, 8],
			"to": [11, 24.3, 9],
			"color": 3,
			"faces": {
				"north": {"uv": [0, 0, 4.2, 15.3], "texture": "#missing"},
				"east": {"uv": [0, 0, 1, 15.3], "texture": "#missing"},
				"south": {"uv": [0, 0, 4.2, 15.3], "texture": "#missing"},
				"west": {"uv": [0, 0, 1, 15.3], "texture": "#missing"},
				"up": {"uv": [0, 0, 4.2, 1], "texture": "#missing"},
				"down": {"uv": [0, 0, 4.2, 1], "texture": "#missing"}
			}
		},
		{
			"from": [7, 24, 8],
			"to": [8, 25, 9],
			"color": 0,
			"faces": {
				"north": {"uv": [0, 0, 1, 1], "texture": "#missing"},
				"east": {"uv": [0, 0, 1, 1], "texture": "#missing"},
				"south": {"uv": [0, 0, 1, 1], "texture": "#missing"},
				"west": {"uv": [0, 0, 1, 1], "texture": "#missing"},
				"up": {"uv": [0, 0, 1, 1], "texture": "#missing"},
				"down": {"uv": [0, 0, 1, 1], "texture": "#missing"}
			}
		},
		{
			"from": [7.2, 25, 8],
			"to": [8.2, 26, 9],
			"color": 0,
			"faces": {
				"north": {"uv": [0, 0, 1, 1], "texture": "#missing"},
				"east": {"uv": [0, 0, 1, 1], "texture": "#missing"},
				"south": {"uv": [0, 0, 1, 1], "texture": "#missing"},
				"west": {"uv": [0, 0, 1, 1], "texture": "#missing"},
				"up": {"uv": [0, 0, 1, 1], "texture": "#missing"},
				"down": {"uv": [0, 0, 1, 1], "texture": "#missing"}
			}
		},
		{
			"from": [7.5, 26, 8],
			"to": [8.5, 27, 9],
			"color": 0,
			"faces": {
				"north": {"uv": [0, 0, 1, 1], "texture": "#missing"},
				"east": {"uv": [0, 0, 1, 1], "texture": "#missing"},
				"south": {"uv": [0, 0, 1, 1], "texture": "#missing"},
				"west": {"uv": [0, 0, 1, 1], "texture": "#missing"},
				"up": {"uv": [0, 0, 1, 1], "texture": "#missing"},
				"down": {"uv": [0, 0, 1, 1], "texture": "#missing"}
			}
		},
		{
			"from": [7.5, 27, 8],
			"to": [8.5, 28, 9],
			"color": 0,
			"faces": {
				"north": {"uv": [0, 0, 1, 1], "texture": "#missing"},
				"east": {"uv": [0, 0, 1, 1], "texture": "#missing"},
				"south": {"uv": [0, 0, 1, 1], "texture": "#missing"},
				"west": {"uv": [0, 0, 1, 1], "texture": "#missing"},
				"up": {"uv": [0, 0, 1, 1], "texture": "#missing"},
				"down": {"uv": [0, 0, 1, 1], "texture": "#missing"}
			}
		},
		{
			"from": [7.5, 28, 8],
			"to": [8.5, 29, 9],
			"color": 0,
			"faces": {
				"north": {"uv": [0, 0, 1, 1], "texture": "#missing"},
				"east": {"uv": [0, 0, 1, 1], "texture": "#missing"},
				"south": {"uv": [0, 0, 1, 1], "texture": "#missing"},
				"west": {"uv": [0, 0, 1, 1], "texture": "#missing"},
				"up": {"uv": [0, 0, 1, 1], "texture": "#missing"},
				"down": {"uv": [0, 0, 1, 1], "texture": "#missing"}
			}
		},
		{
			"from": [7.5, 29, 8],
			"to": [8.5, 30, 9],
			"color": 0,
			"faces": {
				"north": {"uv": [0, 0, 1, 1], "texture": "#missing"},
				"east": {"uv": [0, 0, 1, 1], "texture": "#missing"},
				"south": {"uv": [0, 0, 1, 1], "texture": "#missing"},
				"west": {"uv": [0, 0, 1, 1], "texture": "#missing"},
				"up": {"uv": [0, 0, 1, 1], "texture": "#missing"},
				"down": {"uv": [0, 0, 1, 1], "texture": "#missing"}
			}
		},
		{
			"from": [7.3, 29.6, 8],
			"to": [8.3, 30.6, 9],
			"color": 0,
			"faces": {
				"north": {"uv": [0, 0, 1, 1], "texture": "#missing"},
				"east": {"uv": [0, 0, 1, 1], "texture": "#missing"},
				"south": {"uv": [0, 0, 1, 1], "texture": "#missing"},
				"west": {"uv": [0, 0, 1, 1], "texture": "#missing"},
				"up": {"uv": [0, 0, 1, 1], "texture": "#missing"},
				"down": {"uv": [0, 0, 1, 1], "texture": "#missing"}
			}
		},
		{
			"from": [7, 30.4, 8],
			"to": [8, 31.4, 9],
			"color": 0,
			"faces": {
				"north": {"uv": [0, 0, 1, 1], "texture": "#missing"},
				"east": {"uv": [0, 0, 1, 1], "texture": "#missing"},
				"south": {"uv": [0, 0, 1, 1], "texture": "#missing"},
				"west": {"uv": [0, 0, 1, 1], "texture": "#missing"},
				"up": {"uv": [0, 0, 1, 1], "texture": "#missing"},
				"down": {"uv": [0, 0, 1, 1], "texture": "#missing"}
			}
		},
		{
			"from": [7, 24, 8.3],
			"to": [9.9, 25, 8.7],
			"color": 0,
			"faces": {
				"north": {"uv": [0, 0, 2.9, 1], "texture": "#missing"},
				"east": {"uv": [0, 0, 0.4, 1], "texture": "#missing"},
				"south": {"uv": [0, 0, 2.9, 1], "texture": "#missing"},
				"west": {"uv": [0, 0, 0.4, 1], "texture": "#missing"},
				"up": {"uv": [0, 0, 2.9, 0.4], "texture": "#missing"},
				"down": {"uv": [0, 0, 2.9, 0.4], "texture": "#missing"}
			}
		},
		{
			"from": [7.2, 25, 8.3],
			"to": [9.9, 26, 8.7],
			"color": 0,
			"faces": {
				"north": {"uv": [0, 0, 2.7, 1], "texture": "#missing"},
				"east": {"uv": [0, 0, 0.4, 1], "texture": "#missing"},
				"south": {"uv": [0, 0, 2.7, 1], "texture": "#missing"},
				"west": {"uv": [0, 0, 0.4, 1], "texture": "#missing"},
				"up": {"uv": [0, 0, 2.7, 0.4], "texture": "#missing"},
				"down": {"uv": [0, 0, 2.7, 0.4], "texture": "#missing"}
			}
		},
		{
			"from": [7.5, 26, 8.3],
			"to": [9.9, 27, 8.7],
			"color": 0,
			"faces": {
				"north": {"uv": [0, 0, 2.4, 1], "texture": "#missing"},
				"east": {"uv": [0, 0, 0.4, 1], "texture": "#missing"},
				"south": {"uv": [0, 0, 2.4, 1], "texture": "#missing"},
				"west": {"uv": [0, 0, 0.4, 1], "texture": "#missing"},
				"up": {"uv": [0, 0, 2.4, 0.4], "texture": "#missing"},
				"down": {"uv": [0, 0, 2.4, 0.4], "texture": "#missing"}
			}
		},
		{
			"from": [7.5, 27, 8.3],
			"to": [9.9, 28, 8.7],
			"color": 0,
			"faces": {
				"north": {"uv": [0, 0, 2.4, 1], "texture": "#missing"},
				"east": {"uv": [0, 0, 0.4, 1], "texture": "#missing"},
				"south": {"uv": [0, 0, 2.4, 1], "texture": "#missing"},
				"west": {"uv": [0, 0, 0.4, 1], "texture": "#missing"},
				"up": {"uv": [0, 0, 2.4, 0.4], "texture": "#missing"},
				"down": {"uv": [0, 0, 2.4, 0.4], "texture": "#missing"}
			}
		},
		{
			"from": [7.5, 28, 8.3],
			"to": [9.9, 29, 8.7],
			"color": 0,
			"faces": {
				"north": {"uv": [0, 0, 2.4, 1], "texture": "#missing"},
				"east": {"uv": [0, 0, 0.4, 1], "texture": "#missing"},
				"south": {"uv": [0, 0, 2.4, 1], "texture": "#missing"},
				"west": {"uv": [0, 0, 0.4, 1], "texture": "#missing"},
				"up": {"uv": [0, 0, 2.4, 0.4], "texture": "#missing"},
				"down": {"uv": [0, 0, 2.4, 0.4], "texture": "#missing"}
			}
		},
		{
			"from": [9.9, 24, 8],
			"to": [10.9, 25, 9],
			"color": 0,
			"faces": {
				"north": {"uv": [0, 0, 1, 1], "texture": "#missing"},
				"east": {"uv": [0, 0, 1, 1], "texture": "#missing"},
				"south": {"uv": [0, 0, 1, 1], "texture": "#missing"},
				"west": {"uv": [0, 0, 1, 1], "texture": "#missing"},
				"up": {"uv": [0, 0, 1, 1], "texture": "#missing"},
				"down": {"uv": [0, 0, 1, 1], "texture": "#missing"}
			}
		},
		{
			"from": [9.8, 24.8, 8],
			"to": [10.8, 25.8, 9],
			"color": 0,
			"faces": {
				"north": {"uv": [0, 0, 1, 1], "texture": "#missing"},
				"east": {"uv": [0, 0, 1, 1], "texture": "#missing"},
				"south": {"uv": [0, 0, 1, 1], "texture": "#missing"},
				"west": {"uv": [0, 0, 1, 1], "texture": "#missing"},
				"up": {"uv": [0, 0, 1, 1], "texture": "#missing"},
				"down": {"uv": [0, 0, 1, 1], "texture": "#missing"}
			}
		},
		{
			"from": [9.7, 25.3, 8],
			"to": [10.7, 26.3, 9],
			"color": 0,
			"faces": {
				"north": {"uv": [0, 0, 1, 1], "texture": "#missing"},
				"east": {"uv": [0, 0, 1, 1], "texture": "#missing"},
				"south": {"uv": [0, 0, 1, 1], "texture": "#missing"},
				"west": {"uv": [0, 0, 1, 1], "texture": "#missing"},
				"up": {"uv": [0, 0, 1, 1], "texture": "#missing"},
				"down": {"uv": [0, 0, 1, 1], "texture": "#missing"}
			}
		},
		{
			"from": [9.6, 25.9, 8],
			"to": [10.6, 26.9, 9],
			"color": 0,
			"faces": {
				"north": {"uv": [0, 0, 1, 1], "texture": "#missing"},
				"east": {"uv": [0, 0, 1, 1], "texture": "#missing"},
				"south": {"uv": [0, 0, 1, 1], "texture": "#missing"},
				"west": {"uv": [0, 0, 1, 1], "texture": "#missing"},
				"up": {"uv": [0, 0, 1, 1], "texture": "#missing"},
				"down": {"uv": [0, 0, 1, 1], "texture": "#missing"}
			}
		},
		{
			"from": [9.5, 26.4, 8],
			"to": [10.5, 27.4, 9],
			"color": 0,
			"faces": {
				"north": {"uv": [0, 0, 1, 1], "texture": "#missing"},
				"east": {"uv": [0, 0, 1, 1], "texture": "#missing"},
				"south": {"uv": [0, 0, 1, 1], "texture": "#missing"},
				"west": {"uv": [0, 0, 1, 1], "texture": "#missing"},
				"up": {"uv": [0, 0, 1, 1], "texture": "#missing"},
				"down": {"uv": [0, 0, 1, 1], "texture": "#missing"}
			}
		},
		{
			"from": [9.4, 27, 8],
			"to": [10.4, 28, 9],
			"color": 0,
			"faces": {
				"north": {"uv": [0, 0, 1, 1], "texture": "#missing"},
				"east": {"uv": [0, 0, 1, 1], "texture": "#missing"},
				"south": {"uv": [0, 0, 1, 1], "texture": "#missing"},
				"west": {"uv": [0, 0, 1, 1], "texture": "#missing"},
				"up": {"uv": [0, 0, 1, 1], "texture": "#missing"},
				"down": {"uv": [0, 0, 1, 1], "texture": "#missing"}
			}
		},
		{
			"from": [9.3, 27.5, 8],
			"to": [10.3, 28.5, 9],
			"color": 0,
			"faces": {
				"north": {"uv": [0, 0, 1, 1], "texture": "#missing"},
				"east": {"uv": [0, 0, 1, 1], "texture": "#missing"},
				"south": {"uv": [0, 0, 1, 1], "texture": "#missing"},
				"west": {"uv": [0, 0, 1, 1], "texture": "#missing"},
				"up": {"uv": [0, 0, 1, 1], "texture": "#missing"},
				"down": {"uv": [0, 0, 1, 1], "texture": "#missing"}
			}
		},
		{
			"from": [9.2, 28.1, 8],
			"to": [10.2, 29.1, 9],
			"color": 0,
			"faces": {
				"north": {"uv": [0, 0, 1, 1], "texture": "#missing"},
				"east": {"uv": [0, 0, 1, 1], "texture": "#missing"},
				"south": {"uv": [0, 0, 1, 1], "texture": "#missing"},
				"west": {"uv": [0, 0, 1, 1], "texture": "#missing"},
				"up": {"uv": [0, 0, 1, 1], "texture": "#missing"},
				"down": {"uv": [0, 0, 1, 1], "texture": "#missing"}
			}
		},
		{
			"from": [9.1, 28.8, 8],
			"to": [10.1, 29.8, 9],
			"color": 0,
			"faces": {
				"north": {"uv": [0, 0, 1, 1], "texture": "#missing"},
				"east": {"uv": [0, 0, 1, 1], "texture": "#missing"},
				"south": {"uv": [0, 0, 1, 1], "texture": "#missing"},
				"west": {"uv": [0, 0, 1, 1], "texture": "#missing"},
				"up": {"uv": [0, 0, 1, 1], "texture": "#missing"},
				"down": {"uv": [0, 0, 1, 1], "texture": "#missing"}
			}
		},
		{
			"from": [7.5, 29, 8.3],
			"to": [10.1, 30, 8.7],
			"color": 0,
			"faces": {
				"north": {"uv": [0, 0, 2.6, 1], "texture": "#missing"},
				"east": {"uv": [0, 0, 0.4, 1], "texture": "#missing"},
				"south": {"uv": [0, 0, 2.6, 1], "texture": "#missing"},
				"west": {"uv": [0, 0, 0.4, 1], "texture": "#missing"},
				"up": {"uv": [0, 0, 2.6, 0.4], "texture": "#missing"},
				"down": {"uv": [0, 0, 2.6, 0.4], "texture": "#missing"}
			}
		},
		{
			"from": [9.1, 28.8, 8],
			"to": [10.1, 29.8, 9],
			"color": 0,
			"faces": {
				"north": {"uv": [0, 0, 1, 1], "texture": "#missing"},
				"east": {"uv": [0, 0, 1, 1], "texture": "#missing"},
				"south": {"uv": [0, 0, 1, 1], "texture": "#missing"},
				"west": {"uv": [0, 0, 1, 1], "texture": "#missing"},
				"up": {"uv": [0, 0, 1, 1], "texture": "#missing"},
				"down": {"uv": [0, 0, 1, 1], "texture": "#missing"}
			}
		},
		{
			"from": [7.3, 29.6, 8.3],
			"to": [9.9, 30.6, 8.7],
			"color": 0,
			"faces": {
				"north": {"uv": [0, 0, 2.6, 1], "texture": "#missing"},
				"east": {"uv": [0, 0, 0.4, 1], "texture": "#missing"},
				"south": {"uv": [0, 0, 2.6, 1], "texture": "#missing"},
				"west": {"uv": [0, 0, 0.4, 1], "texture": "#missing"},
				"up": {"uv": [0, 0, 2.6, 0.4], "texture": "#missing"},
				"down": {"uv": [0, 0, 2.6, 0.4], "texture": "#missing"}
			}
		},
		{
			"from": [8.9, 29.8, 8],
			"to": [9.9, 30.8, 9],
			"color": 0,
			"faces": {
				"north": {"uv": [0, 0, 1, 1], "texture": "#missing"},
				"east": {"uv": [0, 0, 1, 1], "texture": "#missing"},
				"south": {"uv": [0, 0, 1, 1], "texture": "#missing"},
				"west": {"uv": [0, 0, 1, 1], "texture": "#missing"},
				"up": {"uv": [0, 0, 1, 1], "texture": "#missing"},
				"down": {"uv": [0, 0, 1, 1], "texture": "#missing"}
			}
		},
		{
			"from": [8.9, 29.8, 8],
			"to": [9.9, 30.8, 9],
			"color": 0,
			"faces": {
				"north": {"uv": [0, 0, 1, 1], "texture": "#missing"},
				"east": {"uv": [0, 0, 1, 1], "texture": "#missing"},
				"south": {"uv": [0, 0, 1, 1], "texture": "#missing"},
				"west": {"uv": [0, 0, 1, 1], "texture": "#missing"},
				"up": {"uv": [0, 0, 1, 1], "texture": "#missing"},
				"down": {"uv": [0, 0, 1, 1], "texture": "#missing"}
			}
		},
		{
			"from": [8.8, 30.4, 8],
			"to": [9.8, 31.4, 9],
			"color": 0,
			"faces": {
				"north": {"uv": [0, 0, 1, 1], "texture": "#missing"},
				"east": {"uv": [0, 0, 1, 1], "texture": "#missing"},
				"south": {"uv": [0, 0, 1, 1], "texture": "#missing"},
				"west": {"uv": [0, 0, 1, 1], "texture": "#missing"},
				"up": {"uv": [0, 0, 1, 1], "texture": "#missing"},
				"down": {"uv": [0, 0, 1, 1], "texture": "#missing"}
			}
		},
		{
			"from": [8.8, 30.4, 8],
			"to": [9.8, 31.4, 9],
			"color": 0,
			"faces": {
				"north": {"uv": [0, 0, 1, 1], "texture": "#missing"},
				"east": {"uv": [0, 0, 1, 1], "texture": "#missing"},
				"south": {"uv": [0, 0, 1, 1], "texture": "#missing"},
				"west": {"uv": [0, 0, 1, 1], "texture": "#missing"},
				"up": {"uv": [0, 0, 1, 1], "texture": "#missing"},
				"down": {"uv": [0, 0, 1, 1], "texture": "#missing"}
			}
		},
		{
			"from": [7.8, 30.4, 8],
			"to": [8.8, 31.4, 9],
			"color": 0,
			"faces": {
				"north": {"uv": [0, 0, 1, 1], "texture": "#missing"},
				"east": {"uv": [0, 0, 1, 1], "texture": "#missing"},
				"south": {"uv": [0, 0, 1, 1], "texture": "#missing"},
				"west": {"uv": [0, 0, 1, 1], "texture": "#missing"},
				"up": {"uv": [0, 0, 1, 1], "texture": "#missing"},
				"down": {"uv": [0, 0, 1, 1], "texture": "#missing"}
			}
		},
		{
			"from": [7.8, 30.4, 8],
			"to": [8.8, 31.4, 9],
			"color": 0,
			"faces": {
				"north": {"uv": [0, 0, 1, 1], "texture": "#missing"},
				"east": {"uv": [0, 0, 1, 1], "texture": "#missing"},
				"south": {"uv": [0, 0, 1, 1], "texture": "#missing"},
				"west": {"uv": [0, 0, 1, 1], "texture": "#missing"},
				"up": {"uv": [0, 0, 1, 1], "texture": "#missing"},
				"down": {"uv": [0, 0, 1, 1], "texture": "#missing"}
			}
		},
		{
			"from": [6.4, 8, 7],
			"to": [11.4, 9, 10],
			"color": 0,
			"faces": {
				"north": {"uv": [0, 0, 5, 1], "texture": "#missing"},
				"east": {"uv": [0, 0, 3, 1], "texture": "#missing"},
				"south": {"uv": [0, 0, 5, 1], "texture": "#missing"},
				"west": {"uv": [0, 0, 3, 1], "texture": "#missing"},
				"up": {"uv": [0, 0, 5, 3], "texture": "#missing"},
				"down": {"uv": [0, 0, 5, 3], "texture": "#missing"}
			}
		},
		{
			"from": [8, 0, 7.6],
			"to": [9.6, 8, 9.2],
			"color": 3,
			"faces": {
				"north": {"uv": [0, 0, 1.6, 8], "texture": "#missing"},
				"east": {"uv": [0, 0, 1.6, 8], "texture": "#missing"},
				"south": {"uv": [0, 0, 1.6, 8], "texture": "#missing"},
				"west": {"uv": [0, 0, 1.6, 8], "texture": "#missing"},
				"up": {"uv": [0, 0, 1.6, 1.6], "texture": "#missing"},
				"down": {"uv": [0, 0, 1.6, 1.6], "texture": "#missing"}
			}
		}
	],
	"display": {
		"thirdperson_righthand": {
			"rotation": [0, 90, 0],
			"translation": [0, 1.25, 1.5]
		},
		"thirdperson_lefthand": {
			"rotation": [0, -90, 0],
			"translation": [0, 1.25, 1.5]
		},
		"firstperson_righthand": {
			"scale": [0.48, 0.61, 0.85]
		},
		"firstperson_lefthand": {
			"scale": [0.48, 0.61, 0.85]
		},
		"ground": {
			"translation": [0, 4.25, 0]
		},
		"gui": {
			"rotation": [0, 0, -43.5],
			"translation": [-4, -3.5, -1.25],
			"scale": [0.61914, 0.63281, 1]
		},
		"fixed": {
			"rotation": [0, 0, -43.5],
			"translation": [-4.75, -4, -1.25],
			"scale": [0.83984, 0.79688, 1]
		}
	},
	"groups": [
		{
			"name": "칼날",
			"origin": [0, 0, 0],
			"color": 0,
			"children": [0, 1, 2, 3, 4, 5, 6, 7, 8, 9, 10, 11, 12, 13, 14, 15, 16, 17, 18, 19, 20, 21, 22, 23, 24, 25, 26, 27, 28, 29, 30, 31]
		},
		{
			"name": "손잡이 보호대",
			"origin": [0, 0, 0],
			"color": 0,
			"children": [32]
		},
		{
			"name": "손잡이",
			"origin": [8, 8, 8],
			"color": 0,
			"children": [33]
		}
	]
}