{
    "parent": "item/generated",
    "textures": {
        "layer0": "item/crossbow_standby"
    },
    "display": {
        "thirdperson_righthand": {
            "rotation": [ -90, 0, -60 ],
            "translation": [ 2, 0.1, -3 ],
            "scale": [ 0.9, 0.9, 0.9 ]
        },
        "thirdperson_lefthand": {
            "rotation": [ -90, 0, 30 ],
            "translation": [ 2, 0.1, -3 ],
            "scale": [ 0.9, 0.9, 0.9 ]
        },
        "firstperson_righthand": {
            "rotation": [ -90, 0, -55 ],
            "translation": [ 1.13, 3.2, 1.13],
            "scale": [ 0.68, 0.68, 0.68 ]
        },
        "firstperson_lefthand": {
            "rotation": [ -90, 0, 35 ],
            "translation": [ 1.13, 3.2, 1.13],
            "scale": [ 0.68, 0.68, 0.68 ]
        }
    },
    "overrides": [
        {
            "predicate": {
                "pulling": 1
            },
            "model": "item/crossbow_pulling_0"
        },
        {
            "predicate": {
                "pulling": 1,
                "pull": 0.58
            },
            "model": "item/crossbow_pulling_1"
        },
        {
            "predicate": {
                "pulling": 1,
                "pull": 1.0
            },
            "model": "item/crossbow_pulling_2"
        },
        {
            "predicate": {
                "charged": 1
            },
            "model": "item/crossbow_arrow"
        },
        {
            "predicate": {
                "charged": 1,
                "firework": 1
            },
            "model": "item/crossbow_firework"
        },
    {
      "predicate": {
        "custom_model_data": 1
      },
      "model": "item/guns/p30"
    },
    {
      "predicate": {
        "custom_model_data": 2
      },
      "model": "item/guns/pkp"
    },
    {
      "predicate": {
        "custom_model_data": 3
      },
      "model": "item/guns/mp5"
    },
    {
      "predicate": {
        "custom_model_data": 4
      },
      "model": "item/guns/ak47"
    },
    {
      "predicate": {
        "custom_model_data": 5
      },
      "model": "item/guns/ak47u"
    },
    {
      "predicate": {
        "custom_model_data": 6
      },
      "model": "item/guns/m16"
    },
    {
      "predicate": {
        "custom_model_data": 7
      },
      "model": "item/guns/remmington"
    },
    {
      "predicate": {
        "custom_model_data": 8
      },
      "model": "item/guns/fnfal"
    },
    {
      "predicate": {
        "custom_model_data": 9
      },
      "model": "item/guns/rpg"
    },
    {
      "predicate": {
        "custom_model_data": 10
      },
      "model": "item/guns/ump"
    },
    {
      "predicate": {
        "custom_model_data": 11
      },
      "model": "item/guns/sw1911"
    },    
    {
      "predicate": {
        "custom_model_data": 12
      },
      "model": "item/guns/m40"
    },    
    {
      "predicate": {
        "custom_model_data": 13
      },
      "model": "item/guns/enfield"
    },
    {
      "predicate": {
        "custom_model_data": 14
      },
      "model": "item/guns/mauser"
    },
    {
      "predicate": {
        "custom_model_data": 15
      },
      "model": "item/misc/grenade"
    },
    {
      "predicate": {
        "custom_model_data": 16
      },
      "model": "item/guns/dragunov"
    },
    {
      "predicate": {
        "custom_model_data": 17
      },
      "model": "item/guns/spas"
    },
    {
      "predicate": {
        "custom_model_data": 18
      },
      "model": "item/guns/aa12"
    },
    {
      "predicate": {
        "custom_model_data": 19
      },
      "model": "item/guns/magnum"
    },
    {
      "predicate": {
        "custom_model_data": 20
      },
      "model": "item/guns/awp"
    },
    {
      "predicate": {
        "custom_model_data": 21
      },
      "model": "item/misc/smokegrenade"
    },
    {
      "predicate": {
        "custom_model_data": 22
      },
      "model": "item/misc/flashbang"
    },
    {
      "predicate": {
        "custom_model_data": 23
      },
      "model": "item/guns/p30sil"
    },
    {
      "predicate": {
        "custom_model_data": 24
      },
      "model": "item/guns/awp2"
    },
    {
      "predicate": {
        "custom_model_data": 25
      },
      "model": "item/guns/m4a1s"
    },
    {
      "predicate": {
        "custom_model_data": 26
      },
      "model": "item/guns/rpk"
    },
    {
      "predicate": {
        "custom_model_data": 27
      },
      "model": "item/guns/sg553"
    },
    {
      "predicate": {
        "custom_model_data": 28
      },
      "model": "item/guns/dp27"
    },
    {
      "predicate": {
        "custom_model_data": 29
      },
      "model": "item/misc/incendarygrenade"
    },
    {
      "predicate": {
        "custom_model_data": 30
      },
      "model": "item/guns/homingrpg"
    },
    {
      "predicate": {
        "custom_model_data": 31
      },
      "model": "item/guns/musketpistol"
    },
    {
      "predicate": {
        "custom_model_data": 32
      },
      "model": "item/guns/lazerrifle"
    },
    {
      "predicate": {
        "custom_model_data": 33
      },
      "model": "item/guns/fatman"
    },
    {
      "predicate": {
        "custom_model_data": 34
      },
      "model": "item/guns/fo10mm"
    },
    {
      "predicate": {
        "custom_model_data": 35
      },
      "model": "item/guns/instituterifle"
    },
    {
      "predicate": {
        "custom_model_data": 36
      },
      "model": "item/guns/musketrifle"
    },
    {
      "predicate": {
        "custom_model_data": 37
      },
      "model": "item/guns/aliens"
    },
    {
      "predicate": {
        "custom_model_data": 38
      },
      "model": "item/guns/auto9"
    },
    {
      "predicate": {
        "custom_model_data": 39
      },
      "model": "item/guns/arcgun"
    },
    {
      "predicate": {
        "custom_model_data": 40
      },
      "model": "item/guns/halo"
    },
    {
      "predicate": {
        "custom_model_data": 41
      },
      "model": "item/guns/needler"
    },
    {
      "predicate": {
        "custom_model_data": 42
      },
      "model": "item/guns/thatgun"
    },
    {
      "predicate": {
        "custom_model_data": 43
      },
      "model": "item/guns/swblaster"
    },
    {
      "predicate": {
        "custom_model_data": 44
      },
      "model": "item/guns/overwatchpulsegun"
    },
    {
      "predicate": {
        "custom_model_data": 45
      },
      "model": "item/guns/vera"
    },
    {
      "predicate": {
        "custom_model_data": 46
      },
      "model": "item/melee/lightsaberblue"
    },
    {
      "predicate": {
        "custom_model_data": 47
      },
      "model": "item/melee/lightsaberred"
    },
    {
      "predicate": {
        "custom_model_data": 48
      },
      "model": "item/guns/mac10"
    },
    {
      "predicate": {
        "custom_model_data": 49
      },
      "model": "item/guns/uzi"
    },
    {
      "predicate": {
        "custom_model_data": 50
      },
      "model": "item/guns/skorpion"
    },
    {
      "predicate": {
        "custom_model_data": 51
      },
      "model": "item/guns/sks"
    },
    {
      "predicate": {
        "custom_model_data": 52
      },
      "model": "item/guns/barrett"
    },
    {
      "predicate": {
        "custom_model_data": 53
      },
      "model": "item/guns/makarov"
    },
    {
      "predicate": {
        "custom_model_data": 54
      },
      "model": "item/guns/ppsh41"
    },
    {
      "predicate": {
        "custom_model_data": 55
      },
      "model": "item/guns/m79"
    },
    {
      "predicate": {
        "custom_model_data": 56
      },
      "model": "item/guns/minigun"
    },
    {
      "predicate": {
        "custom_model_data": 57
      },
      "model": "item/guns/mark19"
    },
    {
      "predicate": {
        "custom_model_data": 58
      },
      "model": "item/guns/asval"
    },
    {
      "predicate": {
        "custom_model_data": 59
      },
      "model": "item/guns/fnp90"
    },
    {
      "predicate": {
        "custom_model_data": 60
      },
      "model": "item/guns/kar98k"
    },
    {
      "predicate": {
        "custom_model_data": 61
      },
      "model": "item/guns/mp40"
    },
    {
      "predicate": {
        "custom_model_data": 62
      },
      "model": "item/guns/stg44"
    },
    {
      "predicate": {
        "custom_model_data": 63
      },
      "model": "item/guns/sawshotgun"
    },
    {
      "predicate": {
        "custom_model_data": 64
      },
      "model": "item/guns/famas"
    },
    {
      "predicate": {
        "custom_model_data": 65
      },
      "model": "item/guns/flamer"
    },
    {
      "predicate": {
        "custom_model_data": 66
      },
      "model": "item/guns/stengun"
    },
    {
      "predicate": {
        "custom_model_data": 67
      },
      "model": "item/guns/m32a1"
    },
    {
      "predicate": {
        "custom_model_data": 68
      },
      "model": "item/misc/aiming"
    },
    {
      "predicate": {
        "custom_model_data": 69
      },
      "model": "item/guns/fivesevenfive"
    },
        {
      "predicate": {
        "custom_model_data": 700
      },
      "model": "item/melee/A1"
    },
    {
      "predicate": {
        "custom_model_data": 70
      },
      "model": "item/melee/lightsaberblack"
    },
    {
      "predicate": {
        "custom_model_data": 71
      },
      "model": "item/melee/lightsaberwhite"
    },
    {
      "predicate": {
        "custom_model_data": 72
      },
      "model": "item/melee/lightsabergreen"
    },
    {
      "predicate": {
        "custom_model_data": 73
      },
      "model": "item/melee/lightsaberpurple"
    },
    {
      "predicate": {
        "custom_model_data": 74
      },
      "model": "item/melee/lightsaberorange"
    },
    {
      "predicate": {
        "custom_model_data": 75
      },
      "model": "item/guns/uzicorn"
    },
    {
      "predicate": {
        "custom_model_data": 76
      },
      "model": "item/guns/henry"
    },
    {
      "predicate": {
        "custom_model_data": 77
      },
      "model": "item/melee/spear"
    },
    {
      "predicate": {
        "custom_model_data": 78
      },
      "model": "item/guns/deagle"
    },
    {
      "predicate": {
        "custom_model_data": 79
      },
      "model": "item/guns/pancorjackhammer"
    },
    {
      "predicate": {
        "custom_model_data": 80
      },
      "model": "item/misc/molotov"
    },
    {
      "predicate": {
        "custom_model_data": 81
      },
      "model": "item/misc/proxymine"
    },
    {
      "predicate": {
        "custom_model_data": 82
      },
      "model": "item/guns/m1garand"
    },
    {
      "predicate": {
        "custom_model_data": 83
      },
      "model": "item/guns/galil"
    },
    {
      "predicate": {
        "custom_model_data": 84
      },
      "model": "item/guns/ctar21"
    },
	{
      "predicate": {
        "custom_model_data": 85
      },
      "model": "item/misc/ammobag"
    }
	]
}
